{"cameraMode":{"drawMode":0,"name":"Shaded","section":"Shading Mode"},"sceneLighting":false,"audioPlay":false,"sceneViewState":{"m_AlwaysRefresh":false,"showFog":true,"showSkybox":false,"showFlares":true,"showImageEffects":true,"showParticleSystems":true,"showVisualEffectGraphs":true,"m_FxEnabled":true},"in2DMode":false,"pivot":{"x":35.71276092529297,"y":2.1103079319000246,"z":-17.931987762451173},"rotation":{"x":0.15059638023376466,"y":-0.15240904688835145,"z":0.023495104163885118,"w":0.9765343070030212},"size":2.311383008956909,"orthographic":false}